<?xml version="1.0" encoding="UTF-8"?>
<project-private xmlns="http://www.netbeans.org/ns/project-private/1">
    <editor-bookmarks xmlns="http://www.netbeans.org/ns/editor-bookmarks/2" lastBookmarkId="0"/>
    <open-files xmlns="http://www.netbeans.org/ns/projectui-open-files/2">
        <group name="Ex8">
            <file>file:/C:/Program%20ปี%203/Ex8/StudentServlet/src/java/model/StudentTable.java</file>
            <file>file:/C:/Program%20ปี%203/Ex8/StudentServlet/web/update.jsp</file>
            <file>file:/C:/Program%20ปี%203/Ex8/StudentServlet/src/conf/persistence.xml</file>
            <file>file:/C:/Program%20ปี%203/Ex8/StudentServlet/src/java/servlet/insert.java</file>
            <file>file:/C:/Program%20ปี%203/Ex8/StudentServlet/web/WEB-INF/web.xml</file>
            <file>file:/C:/Program%20ปี%203/Ex8/StudentServlet/web/delete.jsp</file>
            <file>file:/C:/Program%20ปี%203/Ex8/StudentServlet/src/java/servlet/delete.java</file>
            <file>file:/C:/Program%20ปี%203/Ex8/StudentServlet/src/java/model/Student.java</file>
            <file>file:/C:/Program%20ปี%203/Ex8/StudentServlet/src/java/servlet/update.java</file>
            <file>file:/C:/Program%20ปี%203/Ex8/StudentServlet/web/insert.jsp</file>
            <file>file:/C:/Program%20ปี%203/Ex8/StudentServlet/web/index.html</file>
        </group>
    </open-files>
</project-private>
